{
    "paths": [
        {
            "C2-SJO": [
                [51.11282710080377, 17.062825896192013],
                [51.11278881845181, 17.0628571722463],
                [51.11282291664826, 17.063002682087035],
                [51.11263220339682, 17.063144324077545],
                [51.11284061370458, 17.06393501236028],
                [51.11280644063779, 17.063790708606593],
                [51.112835617551426, 17.06393305017652],
                [51.112412678996, 17.06422405326936],
                [51.11248037096591, 17.064449737716377],
                [51.11226000978945, 17.06458095425271],
                [51.11189678704275, 17.06426941242369],
                [51.1117887105158, 17.06461126782292],
                [51.11188113517506, 17.06474204156208],  
                [51.11197531293505, 17.065066021654072],
                [51.11197048488881, 17.065149737333112],  
                [51.11178190141034, 17.06572829870211],
                [51.11210174876571, 17.065949289083953],
                [51.11224319507484, 17.066535351754407],
                [51.112087435721115, 17.06680089044833],
                [51.112163210606944, 17.067034242635323]
            ]
        },
        {
            "C2-A2": [
                [51.11282710080377, 17.062825896192013],
                [51.11278881845181, 17.0628571722463],
                [51.11282291664826, 17.063002682087035],
                [51.11263220339682, 17.063144324077545],
                [51.11280644063779, 17.063790708606593],
                [51.112835617551426, 17.06393305017652],
                [51.112412678996, 17.06422405326936],  
                [51.11248037096591, 17.064449737716377],
                [51.11226000978945, 17.06458095425271],
                [51.111341708235344, 17.063828191660614],
                [51.11130321224653, 17.063958709199227]
            ]
        },
        {
            "C2-A3": [
                [51.11282710080377, 17.062825896192013],
                [51.11278881845181, 17.0628571722463],
                [51.11282291664826, 17.063002682087035],
                [51.11263220339682, 17.063144324077545],
                [51.11280644063779, 17.063790708606593],
                [51.112835617551426, 17.06393305017652],
                [51.112412678996, 17.06422405326936],  
                [51.11248037096591, 17.064449737716377],
                [51.11227000978945, 17.06458095425271],
                [51.11222987270653, 17.06469127083057]
            ]
        },
        {
            "C3-SJO": [
                [51.11284188149942, 17.0637656560875],
                [51.11280644063779, 17.063790708606593],
                [51.112835617551426, 17.06393305017652],
                [51.112412678996, 17.06422405326936],
                [51.11248037096591, 17.064449737716377],
                [51.11226000978945, 17.06458095425271],
                [51.11189678704275, 17.06426941242369],
                [51.1117887105158, 17.06461126782292],
                [51.11188113517506, 17.06474204156208],  
                [51.11197531293505, 17.065066021654072],
                [51.11197048488881, 17.065149737333112],  
                [51.11178190141034, 17.06572829870211],
                [51.11210174876571, 17.065949289083953],
                [51.11224319507484, 17.066535351754407],
                [51.112087435721115, 17.06680089044833],
                [51.112163210606944, 17.067034242635323]
            ]
        },
        {
            "C3-A2": [
                [51.11284188149942, 17.0637656560875],
                [51.11280644063779, 17.063790708606593],
                [51.112835617551426, 17.06393305017652],
                [51.112412678996, 17.06422405326936],  
                [51.11248037096591, 17.064449737716377],
                [51.11226000978945, 17.06458095425271],
                [51.111341708235344, 17.063828191660614],
                [51.11130321224653, 17.063958709199227]
            ]
        },
        {
            "C3-A3": [
                [51.11284188149942, 17.0637656560875],
                [51.11280644063779, 17.063790708606593],
                [51.112835617551426, 17.06393305017652],
                [51.112412678996, 17.06422405326936],  
                [51.11248037096591, 17.064449737716377],
                [51.11227000978945, 17.06458095425271],
                [51.11222987270653, 17.06469127083057]
            ]
        },
        {
            "C5-SJO": [
                [51.113849132512755, 17.062349575211208],
                [51.11387950397774, 17.06233883274095],
                [51.113961602863064, 17.062735950650076],
                [51.11275338725827, 17.063580046075746],
                [51.11284061370458, 17.06393501236028],
                [51.11280644063779, 17.063790708606593],
                [51.112835617551426, 17.06393305017652],
                [51.112412678996, 17.06422405326936],
                [51.11248037096591, 17.064449737716377],
                [51.11226000978945, 17.06458095425271],
                [51.11189678704275, 17.06426941242369],
                [51.1117887105158, 17.06461126782292],
                [51.11188113517506, 17.06474204156208],  
                [51.11197531293505, 17.065066021654072],
                [51.11197048488881, 17.065149737333112],  
                [51.11178190141034, 17.06572829870211],
                [51.11210174876571, 17.065949289083953],
                [51.11224319507484, 17.066535351754407],
                [51.112087435721115, 17.06680089044833],
                [51.112163210606944, 17.067034242635323]
            ]
        },
        {
            "C5-A2": [
                [51.113849132512755, 17.062349575211208],
                [51.11387950397774, 17.06233883274095],
                [51.113961602863064, 17.062735950650076],
                [51.11275338725827, 17.063580046075746],
                [51.11284061370458, 17.06393501236028],
                [51.11280644063779, 17.063790708606593],
                [51.112835617551426, 17.06393305017652],
                [51.112412678996, 17.06422405326936],
                [51.11248037096591, 17.064449737716377],
                [51.11226000978945, 17.06458095425271],
                [51.11189678704275, 17.06426941242369],
                [51.111341708235344, 17.063828191660614],
                [51.11130321224653, 17.063958709199227]
            ]
        },
        {
            "C5-A3": [
                [51.113849132512755, 17.062349575211208],
                [51.11387950397774, 17.06233883274095],
                [51.113961602863064, 17.062735950650076],
                [51.11275338725827, 17.063580046075746],
                [51.11284061370458, 17.06393501236028],
                [51.11280644063779, 17.063790708606593],
                [51.112835617551426, 17.06393305017652],
                [51.112412678996, 17.06422405326936],
                [51.11248037096591, 17.064449737716377],
                [51.11227000978945, 17.06458095425271],
                [51.11222987270653, 17.06469127083057]
            ]
        },
        {
            "A2-SJO": [
                [51.11130321224653, 17.063958709199227],
                [51.111341708235344, 17.063828191660614],
                [51.11189678704275, 17.06426941242369],
                [51.1117887105158, 17.06461126782292],
                [51.11188113517506, 17.06474204156208],  
                [51.11197531293505, 17.065066021654072],
                [51.11197048488881, 17.065149737333112],  
                [51.11178190141034, 17.06572829870211],
                [51.11210174876571, 17.065949289083953],
                [51.11224319507484, 17.066535351754407],
                [51.112087435721115, 17.06680089044833],
                [51.112163210606944, 17.067034242635323]
            ]
        },
        {
            "A3-SJO": [
                [51.11222987270653, 17.06469127083057],
                [51.11227000978945, 17.06458095425271],
